search_cluster,search_cluster_name,title,title_norm,year_gs,venue_gs,author_gs,url_gs,source,row_id,filename,stage1_is_paper,stage1_is_match
0,Cluster 0: Social & Collaboration,From personas to talks: Revisiting the impact of personas on llm-synthesized emotional support conversations,from personas to talks revisiting the impact of personas on llm synthesized emotional support conversations,2025.0,Proceedings of the 2025 …,"['S Wu', 'Y Zhu', 'W Hsu', 'ML Lee']",https://aclanthology.org/2025.emnlp-main.277/,google_scholar,0,0000.pdf,True,True
0,Cluster 0: Social & Collaboration,The role of ChatGPT in mitigating loneliness among older adults: An exploratory study,the role of chatgpt in mitigating loneliness among older adults an exploratory study,2024.0,Online Journal of Communication and Media …,"['K Al Mazroui', 'M Alzyoudi']",https://www.ojcmt.net/download/the-role-of-chatgpt-in-mitigating-loneliness-among-older-adults-an-exploratory-study-14777.pdf,google_scholar,1,0001.pdf,True,True
0,Cluster 0: Social & Collaboration,Customizing emotional support: How do individuals construct and interact with LLM-powered chatbots,customizing emotional support how do individuals construct and interact with llm powered chatbots,2025.0,Proceedings of the 2025 CHI Conference …,"['X Zheng', 'Z Li', 'X Gui', 'Y Luo']",https://dl.acm.org/doi/abs/10.1145/3706598.3713453,google_scholar,2,0002.pdf,True,True
0,Cluster 0: Social & Collaboration,"Can generative artificial intelligence foster belongingness, social support, and reduce loneliness? A conceptual analysis",can generative artificial intelligence foster belongingness social support and reduce loneliness a conceptual analysis,2024.0,Applications of generative AI,"['B Pani', 'J Crawford', 'KA Allen']",https://link.springer.com/chapter/10.1007/978-3-031-46238-2_13,google_scholar,3,0003.pdf,True,True
0,Cluster 0: Social & Collaboration,The Heterogeneous Effects of AI Companionship: An Empirical Model of Chatbot Usage and Loneliness and a Typology of User Archetypes,the heterogeneous effects of ai companionship an empirical model of chatbot usage and loneliness and a typology of user archetypes,2025.0,… of the AAAI/ACM Conference on AI …,"['AR Liu', 'P Pataranutaporn', 'P Maes']",https://ojs.aaai.org/index.php/AIES/article/view/36658,google_scholar,4,0004.pdf,True,True
0,Cluster 0: Social & Collaboration,Characterizing Relationships with Companion and Assistant Large Language Models,characterizing relationships with companion and assistant large language models,2025.0,Companion Publication of the 2025 …,"['A Manoli', 'JVT Pauketat', 'JR Anthis']",https://dl.acm.org/doi/abs/10.1145/3715070.3749245,google_scholar,5,0005.pdf,True,True
0,Cluster 0: Social & Collaboration,A Longitudinal Randomized Control Study of Companion Chatbot Use: Anthropomorphism and Its Mediating Role on Social Impacts,a longitudinal randomized control study of companion chatbot use anthropomorphism and its mediating role on social impacts,2025.0,arXiv preprint arXiv:2509.19515,"['RE Guingrich', 'MSA Graziano']",https://arxiv.org/abs/2509.19515,google_scholar,6,0006.pdf,True,True
0,Cluster 0: Social & Collaboration,""" My Boyfriend is AI"": A Computational Analysis of Human-AI Companionship in Reddit's AI Community",my boyfriend is ai a computational analysis of human ai companionship in reddit s ai community,2025.0,arXiv preprint arXiv …,"['P Pataranutaporn', 'S Karny']",https://arxiv.org/abs/2509.11391,google_scholar,7,0007.pdf,True,True
0,Cluster 0: Social & Collaboration,Can generative AI chatbots emulate human connection? A relationship science perspective,can generative ai chatbots emulate human connection a relationship science perspective,2025.0,… on Psychological Science,"['MG Smith', 'TN Bradbury']",https://journals.sagepub.com/doi/abs/10.1177/17456916251351306,google_scholar,8,0008.pdf,True,False
0,Cluster 0: Social & Collaboration,AI companions reduce loneliness,ai companions reduce loneliness,2025.0,Journal of Consumer …,"['J De Freitas', 'Z Oğuz-Uğuralp']",https://academic.oup.com/jcr/advance-article-abstract/doi/10.1093/jcr/ucaf040/8173802,google_scholar,9,0009.pdf,True,True
0,Cluster 0: Social & Collaboration,"Should We Trust AI to Cure Loneliness?: Ethical, Psychological, and Sociotechnical Perspectives",should we trust ai to cure loneliness ethical psychological and sociotechnical perspectives,2025.0,,['D Jämting'],https://www.diva-portal.org/smash/record.jsf?pid=diva2:1976255,google_scholar,10,0010.pdf,True,True
0,Cluster 0: Social & Collaboration,"From Assistants to Digital Beings: Exploring Anthropomorphism, Humanness Perception, and AI Anxiety in Large-Language-Model Chatbots",from assistants to digital beings exploring anthropomorphism humanness perception and ai anxiety in large language model chatbots,2025.0,Social Science Computer Review,"['X Yao', 'Y Xi']",https://journals.sagepub.com/doi/abs/10.1177/08944393251354976,google_scholar,12,0012.pdf,True,True
0,Cluster 0: Social & Collaboration,Randomized trial of a generative AI chatbot for mental health treatment,randomized trial of a generative ai chatbot for mental health treatment,2025.0,Nejm Ai,"['MV Heinz', 'DM Mackin', 'BM Trudeau', 'S Bhattacharya']",https://ai.nejm.org/doi/abs/10.1056/AIoa2400802,google_scholar,13,0013.pdf,True,True
0,Cluster 0: Social & Collaboration,AI Companions Are Not The Solution To Loneliness: Design Choices And Their Drawbacks,ai companions are not the solution to loneliness design choices and their drawbacks,2025.0,ICLR 2025 Workshop on Human …,"['JB Raedler', 'S Swaroop', 'W Pan']",https://openreview.net/forum?id=xFrlcTacCE,google_scholar,14,0014.pdf,True,True
0,Cluster 0: Social & Collaboration,From meaning to emotions: LLMs as artificial communication partners,from meaning to emotions llms as artificial communication partners,2025.0,AI & SOCIETY,['JL Morton'],https://link.springer.com/article/10.1007/s00146-025-02481-w,google_scholar,16,0016.pdf,True,True
0,Cluster 0: Social & Collaboration,If Eleanor Rigby Had Met ChatGPT: A Study on Loneliness in a Post-LLM World,if eleanor rigby had met chatgpt a study on loneliness in a post llm world,2025.0,Proceedings of the 63rd Annual Meeting of the …,['A de Wynter'],https://aclanthology.org/2025.acl-long.976/,google_scholar,17,0017.pdf,True,True
0,Cluster 0: Social & Collaboration,Maintaining Long-Distance Relationships with (Mediocre) LLM-based Chatbots: A Collaborative Ethnographic Study,maintaining long distance relationships with mediocre llm based chatbots a collaborative ethnographic study,2025.0,Proceedings of the …,"['B Ploderer', 'T Capel', 'NE Davaakhuu', 'NH Tung']",https://dl.acm.org/doi/abs/10.1145/3706599.3720221,google_scholar,18,0018.pdf,True,True
0,Cluster 0: Social & Collaboration,Depression and the use of conversational AI for companionship among college students: the mediating role of loneliness and the moderating effects of gender and …,depression and the use of conversational ai for companionship among college students the mediating role of loneliness and the moderating effects of gender and …,2025.0,Frontiers in Public Health,"['L Lai', 'Y Pan', 'R Xu', 'Y Jiang']",https://www.frontiersin.org/journals/public-health/articles/10.3389/fpubh.2025.1580826/abstract,google_scholar,19,0019.pdf,True,True
0,Cluster 0: Social & Collaboration,ChatGPT and mental health: Friends or foes?,chatgpt and mental health friends or foes,2024.0,Health Science …,"['KT Kalam', 'JM Rahman', 'MR Islam']",https://onlinelibrary.wiley.com/doi/abs/10.1002/hsr2.1912,google_scholar,20,0020.pdf,True,True
0,Cluster 0: Social & Collaboration,How AI and Human Behaviors Shape Psychosocial Effects of Extended Chatbot Use: A Longitudinal Randomized Controlled Study,how ai and human behaviors shape psychosocial effects of extended chatbot use a longitudinal randomized controlled study,2025.0,arXiv preprint arXiv …,"['CM Fang', 'AR Liu', 'V Danry', 'E Lee']",https://publica.org.au/wp-content/uploads/Randomized_Control_Study_on_Chatbot_Psychosocial_Effect.pdf,google_scholar,21,0021.pdf,True,False
0,Cluster 0: Social & Collaboration,Longitudinal Study on Social and Emotional Use of AI Conversational Agent,longitudinal study on social and emotional use of ai conversational agent,2025.0,arXiv preprint arXiv …,"['M Chandra', 'J Hernandez', 'G Ramos', 'M Ershadi']",https://arxiv.org/abs/2504.14112,google_scholar,23,0023.pdf,True,True
0,Cluster 0: Social & Collaboration,10 Questions to Fall in Love with ChatGPT: An Experimental Study on Interpersonal Closeness with Large Language Models (LLMs),10 questions to fall in love with chatgpt an experimental study on interpersonal closeness with large language models llms,2025.0,arXiv preprint arXiv:2504.13860,"['J Szczuka', 'L Mühl', 'P Ebner', 'S Dubé']",https://arxiv.org/abs/2504.13860,google_scholar,27,0027.pdf,True,True
0,Cluster 0: Social & Collaboration,Generative AI Mental Health Chatbots as Therapeutic Tools: Systematic Review and Meta-Analysis of Their Role in Reducing Mental Health Issues,generative ai mental health chatbots as therapeutic tools systematic review and meta analysis of their role in reducing mental health issues,2025.0,Journal of Medical Internet …,"['Q Zhang', 'R Zhang', 'Y Xiong', 'Y Sui', 'C Tong']",https://www.jmir.org/2025/1/e78238/,google_scholar,28,0028.pdf,True,True
0,Cluster 0: Social & Collaboration,Evaluating Generative AI in Mental Health: Systematic Review of Capabilities and Limitations,evaluating generative ai in mental health systematic review of capabilities and limitations,2025.0,… mental health,"['L Wang', 'T Bhanushali', 'Z Huang', 'J Yang']",https://mental.jmir.org/2025/1/e70014/,google_scholar,29,0029.pdf,True,True
0,Cluster 0: Social & Collaboration,""" I Like Sunnie More Than I Expected!"": Exploring User Expectation and Perception of an Anthropomorphic LLM-based Conversational Agent for Well-Being Support",i like sunnie more than i expected exploring user expectation and perception of an anthropomorphic llm based conversational agent for well being support,2024.0,arXiv preprint arXiv …,"['S Wu', 'JYA Cachia', 'F Han', 'B Yao', 'T Xie', 'X Zhao']",https://arxiv.org/abs/2405.13803,google_scholar,32,0032.pdf,True,True
0,Cluster 0: Social & Collaboration,Towards designing a ChatGPT conversational companion for elderly people,towards designing a chatgpt conversational companion for elderly people,2023.0,Proceedings of the 16th international conference …,"['A Alessa', 'H Al-Khalifa']",https://dl.acm.org/doi/abs/10.1145/3594806.3596572,google_scholar,34,0034.pdf,True,True
0,Cluster 0: Social & Collaboration,Seeking Emotional and Mental Health Support From Generative AI: Mixed-Methods Study of ChatGPT User Experiences,seeking emotional and mental health support from generative ai mixed methods study of chatgpt user experiences,2025.0,… Mental Health,"['X Luo', 'Z Wang', 'JL Tilley', 'S Balarajan']",https://mental.jmir.org/2025/1/e77951/,google_scholar,38,0038.pdf,True,True
0,Cluster 0: Social & Collaboration,The Role of Generative AI in Facilitating Social Interactions: A Scoping Review,the role of generative ai in facilitating social interactions a scoping review,2025.0,arXiv preprint arXiv …,"['TTJE Arets', 'G Perugia', 'M Houben']",https://arxiv.org/abs/2506.10927,google_scholar,40,0040.pdf,True,True
0,Cluster 0: Social & Collaboration,Exploring Older Adults Personality Preferences for LLM-powered Conversational Companions,exploring older adults personality preferences for llm powered conversational companions,2025.0,Proceedings of the Extended Abstracts of …,"['A Shahid', 'J Chung', 'S Heo']",https://dl.acm.org/doi/abs/10.1145/3706599.3719976,google_scholar,41,0041.pdf,True,True
0,Cluster 0: Social & Collaboration,Therapeutic potential of social chatbots in alleviating loneliness and social anxiety: Quasi-experimental mixed methods study,therapeutic potential of social chatbots in alleviating loneliness and social anxiety quasi experimental mixed methods study,2025.0,Journal of medical …,"['M Kim', 'S Lee', 'S Kim', 'J Heo', 'S Lee', 'YB Shin']",https://www.jmir.org/2025/1/e65589/,google_scholar,44,0044.pdf,True,True
0,Cluster 0: Social & Collaboration,The typing cure: Experiences with large language model chatbots for mental health support,the typing cure experiences with large language model chatbots for mental health support,2025.0,Proceedings of the ACM …,"['I Song', 'SR Pendse', 'N Kumar']",https://dl.acm.org/doi/abs/10.1145/3757430,google_scholar,45,0045.pdf,True,True
0,Cluster 0: Social & Collaboration,Building emotional support chatbots in the era of llms,building emotional support chatbots in the era of llms,2023.0,arXiv preprint arXiv:2308.11584,"['Z Zheng', 'L Liao', 'Y Deng', 'L Nie']",https://arxiv.org/abs/2308.11584,google_scholar,46,0046.pdf,True,True
0,Cluster 0: Social & Collaboration,"Do We Talk to Robots Like Therapists, and Do They Respond Accordingly? Language Alignment in AI Emotional Support",do we talk to robots like therapists and do they respond accordingly language alignment in ai emotional support,2025.0,arXiv preprint arXiv:2506.16473,"['S Chiang', 'G Laban', 'H Gunes']",https://arxiv.org/abs/2506.16473,google_scholar,48,0048.pdf,True,True
0,Cluster 0: Social & Collaboration,Human-AI Interactions in Teacher Education: Examining Social Presence and Friendship,human ai interactions in teacher education examining social presence and friendship,2024.0,… of the 2024 International Conference on Artificial …,"['HW Huang', 'J Chang']",https://dl.acm.org/doi/abs/10.1145/3702386.3702399,google_scholar,49,0049.pdf,True,True
0,Cluster 0: Social & Collaboration,The role of humanization and robustness of large language models in conversational artificial intelligence for individuals with depression: a critical analysis,the role of humanization and robustness of large language models in conversational artificial intelligence for individuals with depression a critical analysis,2024.0,JMIR Mental Health,"['A Ferrario', 'J Sedlakova', 'M Trachsel']",https://mental.jmir.org/2024/1/e56569,google_scholar,50,0050.pdf,True,True
0,Cluster 0: Social & Collaboration,Improving workplace well-being in modern organizations: A review of large language model-based mental health chatbots,improving workplace well being in modern organizations a review of large language model based mental health chatbots,2025.0,ACM Transactions on …,"['A Yuan', 'E Garcia Colato', 'B Pescosolido']",https://dl.acm.org/doi/abs/10.1145/3701041,google_scholar,51,0051.pdf,True,True
0,Cluster 0: Social & Collaboration,Artificial Intimacy: Exploring Normativity and Personalization Through Fine-tuning LLM Chatbots,artificial intimacy exploring normativity and personalization through fine tuning llm chatbots,2025.0,Proceedings of the 2025 …,"['M Jones', 'N Griffioen', 'C Neumayer']",https://dl.acm.org/doi/abs/10.1145/3706598.3713728,google_scholar,53,0053.pdf,True,True
0,Cluster 0: Social & Collaboration,Can AI relate: Testing large language model response for mental health support,can ai relate testing large language model response for mental health support,2024.0,arXiv preprint arXiv …,"['S Gabriel', 'I Puri', 'X Xu', 'M Malgaroli']",https://arxiv.org/abs/2405.12021,google_scholar,54,0054.pdf,True,True
0,Cluster 0: Social & Collaboration,… and social attributes on peoples' usage intention and media dependence towards chatbot: The mediating role of parasocial interaction and emotional support,… and social attributes on peoples usage intention and media dependence towards chatbot the mediating role of parasocial interaction and emotional support,2025.0,BMC psychology,"['K Zhang', 'Y Xie', 'D Chen', 'Z Ji', 'J Wang']",https://link.springer.com/article/10.1186/s40359-025-03284-w,google_scholar,55,0055.pdf,True,True
0,Cluster 0: Social & Collaboration,ChatGPT as a coping mechanism for social isolation: An analysis of user experiences and perceptions of social support,chatgpt as a coping mechanism for social isolation an analysis of user experiences and perceptions of social support,2024.0,Online Journal of Communication and Media …,"['M Alzyoudi', 'K Al Mazroui']",https://www.ojcmt.net/download/chatgpt-as-a-coping-mechanism-for-social-isolation-an-analysis-of-user-experiences-and-perceptions-14617.pdf,google_scholar,56,0056.pdf,True,True
0,Cluster 0: Social & Collaboration,Evaluating the experience of LGBTQ+ people using large language model based chatbots for mental health support,evaluating the experience of lgbtq people using large language model based chatbots for mental health support,2024.0,… of the 2024 CHI Conference on …,"['Z Ma', 'Y Mei', 'Y Long', 'Z Su', 'KZ Gajos']",https://dl.acm.org/doi/abs/10.1145/3613904.3642482,google_scholar,58,0058.pdf,True,True
0,Cluster 0: Social & Collaboration,Loneliness and suicide mitigation for students using GPT3-enabled chatbots,loneliness and suicide mitigation for students using gpt3 enabled chatbots,2024.0,npj mental health research,"['B Maples', 'M Cerit', 'A Vishwanath', 'R Pea']",https://www.nature.com/articles/s44184-023-00047-6,google_scholar,60,0060.pdf,True,True
0,Cluster 0: Social & Collaboration,Comparing ChatGPT and validated questionnaires in assessing loneliness and online social support among college students: a cross-sectional study,comparing chatgpt and validated questionnaires in assessing loneliness and online social support among college students a cross sectional study,2025.0,Scientific Reports,"['J Gu', 'J Liu', 'L Zeng', 'Y Yu', 'Y Qiu', 'Y Yue', 'M Tong']",https://www.nature.com/articles/s41598-025-06358-2,google_scholar,61,0061.pdf,True,True
0,Cluster 0: Social & Collaboration,"… Between Embodiment and Theory of Mind Behavior Affects LLM-based Conversational Agents on Perceived Trust, Anthropomorphism, Presence, Usability, and User …",… between embodiment and theory of mind behavior affects llm based conversational agents on perceived trust anthropomorphism presence usability and user …,2025.0,ACM Transactions on …,"['EA Schlesener', 'M Ziolkowski', 'SK Wong']",https://dl.acm.org/doi/abs/10.1145/3774779,google_scholar,62,0062.pdf,True,True
0,Cluster 0: Social & Collaboration,The Application and Ethical Implication of Generative AI in Mental Health: Systematic Review,the application and ethical implication of generative ai in mental health systematic review,2025.0,JMIR Mental Health,"['X Wang', 'Y Zhou', 'G Zhou']",https://mental.jmir.org/2025/1/e70610,google_scholar,63,0063.pdf,True,True
0,Cluster 0: Social & Collaboration,"Talk, listen, connect: Navigating empathy in human-ai interactions",talk listen connect navigating empathy in human ai interactions,2024.0,arXiv preprint arXiv:2409.15550,"['M Roshanaei', 'R Rezapour', 'MS El-Nasr']",https://arxiv.org/abs/2409.15550,google_scholar,67,0067.pdf,True,False
0,Cluster 0: Social & Collaboration,Development and evaluation of a mental health chatbot using ChatGPT 4.0: Mixed methods user experience study with Korean users,development and evaluation of a mental health chatbot using chatgpt 4 0 mixed methods user experience study with korean users,2025.0,JMIR Medical Informatics,"['B Kang', 'M Hong']",https://medinform.jmir.org/2025/1/e63538,google_scholar,68,0068.pdf,True,True
0,Cluster 0: Social & Collaboration,Chatting Away Loneliness: Embracing New Connections Between Humans and Artificial Intelligence.,chatting away loneliness embracing new connections between humans and artificial intelligence,2025.0,INSAN: Jurnal Psikologi dan Kesehatan …,"['S Vandhika', 'R Sahrani']",https://lintar.untar.ac.id/repository/penelitian/buktipenelitian_10705006_4A290625083349.pdf,google_scholar,71,0071.pdf,True,True
0,Cluster 0: Social & Collaboration,Investigating affective use and emotional well-being on ChatGPT,investigating affective use and emotional well being on chatgpt,2025.0,arXiv preprint arXiv …,"['J Phang', 'M Lampe', 'L Ahmad', 'S Agarwal']",https://arxiv.org/abs/2504.03888,google_scholar,72,0072.pdf,True,True
0,Cluster 0: Social & Collaboration,"Be friendly, not friends: How llm sycophancy shapes user trust",be friendly not friends how llm sycophancy shapes user trust,2025.0,arXiv preprint arXiv:2502.10844,"['Y Sun', 'T Wang']",https://arxiv.org/abs/2502.10844,google_scholar,73,0073.pdf,True,True
0,Cluster 0: Social & Collaboration,Can we use ChatGPT for mental health and substance use education? Examining its quality and potential harms,can we use chatgpt for mental health and substance use education examining its quality and potential harms,2023.0,JMIR Medical …,"['S Spallek', 'L Birrell', 'S Kershaw', 'EK Devine']",https://mededu.jmir.org/2023/1/e51243/,google_scholar,75,0075.pdf,True,False
0,Cluster 0: Social & Collaboration,An ethical perspective on the democratization of mental health with generative AI,an ethical perspective on the democratization of mental health with generative ai,2024.0,… Mental Health,"['Z Elyoseph', 'T Gur', 'Y Haber', 'T Simon', 'T Angert']",https://mental.jmir.org/2024/1/e58011,google_scholar,78,0078.pdf,True,True
0,Cluster 0: Social & Collaboration,Generative ai applications in the health and well-being domain: Virtual and robotic assistance and the need for niche language models (nlms),generative ai applications in the health and well being domain virtual and robotic assistance and the need for niche language models nlms,2024.0,Applications of generative AI,['G Revell'],https://link.springer.com/chapter/10.1007/978-3-031-46238-2_9,google_scholar,79,0079.pdf,True,True
0,Cluster 0: Social & Collaboration,Smile: Single-turn to multi-turn inclusive language expansion via chatgpt for mental health support,smile single turn to multi turn inclusive language expansion via chatgpt for mental health support,2024.0,Findings of the Association for …,"['H Qiu', 'H He', 'S Zhang', 'A Li', 'Z Lan']",https://aclanthology.org/2024.findings-emnlp.34/,google_scholar,81,0081.pdf,True,True
0,Cluster 0: Social & Collaboration,MyListener: An AI-Mediated Journaling Mobile Application for Alleviating Depression and Loneliness Using Contextual Data,mylistener an ai mediated journaling mobile application for alleviating depression and loneliness using contextual data,2024.0,Companion of the 2024 on ACM …,"['G Jung', 'S Choi', 'Y Kang', 'J Kim']",https://dl.acm.org/doi/abs/10.1145/3675094.3677601,google_scholar,82,0082.pdf,True,True
0,Cluster 0: Social & Collaboration,Private Yet Social: How LLM Chatbots Support and Challenge Eating Disorder Recovery,private yet social how llm chatbots support and challenge eating disorder recovery,2025.0,… of the 2025 CHI Conference on …,"['R Choi', 'T Kim', 'S Park', 'JG Kim', 'SJ Lee']",https://dl.acm.org/doi/abs/10.1145/3706598.3713485,google_scholar,84,0084.pdf,True,True
0,Cluster 0: Social & Collaboration,Dr. GPT in Campus Counseling: Understanding Higher Education Students' Opinions on LLM-assisted Mental Health Services,dr gpt in campus counseling understanding higher education students opinions on llm assisted mental health services,2024.0,arXiv preprint arXiv:2409.17572,"['OX Zhang', 'S Zhou', 'J Geng', 'Y Liu', 'SX Liu']",https://arxiv.org/abs/2409.17572,google_scholar,87,0087.pdf,True,True
0,Cluster 0: Social & Collaboration,Young Children's Anthropomorphism of AI Chatbots and the Role of Parent Co-Presence,young children s anthropomorphism of ai chatbots and the role of parent co presence,2025.0,arXiv preprint arXiv …,"['P Kim', 'JH Chin', 'Y Xie', 'N Brady', 'T Yeh']",https://arxiv.org/abs/2512.02179,google_scholar,89,0089.pdf,True,False
0,Cluster 0: Social & Collaboration,The dark side of ai companionship: A taxonomy of harmful algorithmic behaviors in human-ai relationships,the dark side of ai companionship a taxonomy of harmful algorithmic behaviors in human ai relationships,2025.0,Proceedings of the 2025 …,"['R Zhang', 'H Li', 'H Meng', 'J Zhan', 'H Gan']",https://dl.acm.org/doi/abs/10.1145/3706598.3713429,google_scholar,90,0090.pdf,True,True
0,Cluster 0: Social & Collaboration,Examining trust and agency in emotionalized AI through a 4E and biosemiotic lens: a case study of AI companionship in Japan,examining trust and agency in emotionalized ai through a 4e and biosemiotic lens a case study of ai companionship in japan,2025.0,AI & SOCIETY,"['P Mantello', 'D Ponton', 'A Olteanu']",https://link.springer.com/article/10.1007/s00146-025-02694-z,google_scholar,91,0091.pdf,True,True
0,Cluster 0: Social & Collaboration,The Efficacy of Rule-Based Versus Large Language Model-Based Chatbots in Alleviating Symptoms of Depression and Anxiety: Systematic Review and Meta …,the efficacy of rule based versus large language model based chatbots in alleviating symptoms of depression and anxiety systematic review and meta …,2025.0,Journal of Medical Internet Research,"['Q Du', 'Y Ren', 'Z Meng', 'H He', 'S Meng']",https://www.jmir.org/2025/1/e78186/,google_scholar,95,0095.pdf,True,True
0,Cluster 0: Social & Collaboration,Tech vs. tradition: ChatGPT and mindfulness in enhancing older adults' emotional health,tech vs tradition chatgpt and mindfulness in enhancing older adults emotional health,2024.0,Behavioral Sciences,"['Y Wang', 'S Li']",https://www.mdpi.com/2076-328X/14/10/923,google_scholar,96,0096.pdf,True,True
0,Cluster 0: Social & Collaboration,An Exploratory Study Into the Impact of AI Literacy Training on Anthropomorphism and Trust in Conversational AI,an exploratory study into the impact of ai literacy training on anthropomorphism and trust in conversational ai,2025.0,International Conference on …,"['G Wood', 'E Nuñez Castellar', 'W IJsselsteijn']",https://link.springer.com/chapter/10.1007/978-3-031-93415-5_18,google_scholar,99,0099.pdf,True,True
1,Cluster 1: Psychology & Persuasion,Can llm-generated misinformation be detected?,can llm generated misinformation be detected,2023.0,arXiv preprint arXiv:2309.13788,"['C Chen', 'K Shu']",https://arxiv.org/abs/2309.13788,google_scholar,100,0100.pdf,True,True
1,Cluster 1: Psychology & Persuasion,"Generative AI and misinformation: a scoping review of the role of generative AI in the generation, detection, mitigation, and impact of misinformation",generative ai and misinformation a scoping review of the role of generative ai in the generation detection mitigation and impact of misinformation,2025.0,AI & SOCIETY,"['S Park', 'X Nan']",https://link.springer.com/article/10.1007/s00146-025-02620-3,google_scholar,103,0103.pdf,True,True
1,Cluster 1: Psychology & Persuasion,Dell: Generating reactions and explanations for llm-based misinformation detection,dell generating reactions and explanations for llm based misinformation detection,2024.0,arXiv preprint arXiv …,"['H Wan', 'S Feng', 'Z Tan', 'H Wang', 'Y Tsvetkov']",https://arxiv.org/abs/2402.10426,google_scholar,104,0104.pdf,True,True
1,Cluster 1: Psychology & Persuasion,In generative AI we trust: can chatbots effectively verify political information?,in generative ai we trust can chatbots effectively verify political information,2025.0,… of Computational Social …,"['E Kuznetsova', 'M Makhortykh', 'V Vziatysheva']",https://link.springer.com/article/10.1007/s42001-024-00338-8,google_scholar,106,0106.pdf,True,True
1,Cluster 1: Psychology & Persuasion,Conspemollm: Conspiracy theory detection using an emotion-based large language model,conspemollm conspiracy theory detection using an emotion based large language model,2024.0,arXiv preprint arXiv …,"['Z Liu', 'B Liu', 'P Thompson', 'K Yang']",https://arxiv.org/abs/2403.06765,google_scholar,110,0110.pdf,True,True
1,Cluster 1: Psychology & Persuasion,Behind the Screen: Investigating ChatGPT's Dark Personality Traits and Conspiracy Beliefs,behind the screen investigating chatgpt s dark personality traits and conspiracy beliefs,2024.0,arXiv preprint arXiv:2402.04110,"['E Weber', 'J Rutinowski', 'M Pauly']",https://arxiv.org/abs/2402.04110,google_scholar,112,0112.pdf,True,True
1,Cluster 1: Psychology & Persuasion,The impact and opportunities of Generative AI in fact-checking,the impact and opportunities of generative ai in fact checking,2024.0,Proceedings of the 2024 ACM Conference on Fairness …,"['R Wolfe', 'T Mitra']",https://dl.acm.org/doi/abs/10.1145/3630106.3658987,google_scholar,113,0113.pdf,True,True
1,Cluster 1: Psychology & Persuasion,Med-mmhl: A multi-modal dataset for detecting human-and llm-generated misinformation in the medical domain,med mmhl a multi modal dataset for detecting human and llm generated misinformation in the medical domain,2023.0,arXiv preprint arXiv:2306.08871,"['Y Sun', 'J He', 'S Lei', 'L Cui', 'CT Lu']",https://arxiv.org/abs/2306.08871,google_scholar,114,0114.pdf,True,True
1,Cluster 1: Psychology & Persuasion,Toward mitigating misinformation and social media manipulation in llm era,toward mitigating misinformation and social media manipulation in llm era,2024.0,… of the ACM Web Conference 2024,"['Y Zhang', 'K Sharma', 'L Du', 'Y Liu']",https://dl.acm.org/doi/abs/10.1145/3589335.3641256,google_scholar,118,0118.pdf,True,True
1,Cluster 1: Psychology & Persuasion,Combating misinformation in the era of generative AI models,combating misinformation in the era of generative ai models,2023.0,Proceedings of the 31st ACM International …,"['D Xu', 'S Fan', 'M Kankanhalli']",https://dl.acm.org/doi/abs/10.1145/3581783.3612704,google_scholar,124,0124.pdf,True,True
1,Cluster 1: Psychology & Persuasion,Simulating opinion dynamics with networks of llm-based agents,simulating opinion dynamics with networks of llm based agents,2024.0,Findings of the …,"['YS Chuang', 'A Goyal', 'N Harlalka']",https://aclanthology.org/2024.findings-naacl.211/,google_scholar,127,0127.pdf,True,True
1,Cluster 1: Psychology & Persuasion,LLMs as information warriors? Auditing how LLM-powered chatbots tackle disinformation about Russia's war in Ukraine,llms as information warriors auditing how llm powered chatbots tackle disinformation about russia s war in ukraine,2024.0,arXiv preprint arXiv …,"['M Makhortykh', 'A Baghumyan', 'V Vziatysheva']",https://arxiv.org/abs/2409.10697,google_scholar,131,0131.pdf,True,True
1,Cluster 1: Psychology & Persuasion,Simulated misinformation susceptibility (smists): Enhancing misinformation research with large language model simulations,simulated misinformation susceptibility smists enhancing misinformation research with large language model simulations,2024.0,Findings of the …,"['W Ma', 'C Deng', 'A Moossavi', 'L Wang']",https://aclanthology.org/2024.findings-acl.162/,google_scholar,132,0132.pdf,True,False
1,Cluster 1: Psychology & Persuasion,The earth is flat because...: Investigating llms' belief towards misinformation via persuasive conversation,the earth is flat because investigating llms belief towards misinformation via persuasive conversation,2024.0,Proceedings of the …,"['R Xu', 'B Lin', 'S Yang', 'T Zhang', 'W Shi']",https://aclanthology.org/2024.luhme-long.858/,google_scholar,135,0135.pdf,True,True
1,Cluster 1: Psychology & Persuasion,LLM Echo Chamber: personalized and automated disinformation,llm echo chamber personalized and automated disinformation,2024.0,arXiv preprint arXiv:2409.16241,['T Ma'],https://arxiv.org/abs/2409.16241,google_scholar,137,0137.pdf,True,True
1,Cluster 1: Psychology & Persuasion,Manipulative Phantoms in the Machine: A Legal Examination of Large Language Model Hallucinations on Human Opinion Formation,manipulative phantoms in the machine a legal examination of large language model hallucinations on human opinion formation,2024.0,IFIP International Summer School on Privacy and …,['A Taimur'],https://link.springer.com/chapter/10.1007/978-3-031-91054-8_3,google_scholar,140,0140.pdf,True,True
1,Cluster 1: Psychology & Persuasion,Identifying conspiracy theories news based on event relation graph,identifying conspiracy theories news based on event relation graph,2023.0,arXiv preprint arXiv:2310.18545,"['Y Lei', 'R Huang']",https://arxiv.org/abs/2310.18545,google_scholar,142,0142.pdf,True,True
1,Cluster 1: Psychology & Persuasion,"Online disinformation and generative language models: Motivations, challenges, and mitigations",online disinformation and generative language models motivations challenges and mitigations,2024.0,Companion Proceedings of the ACM Web Conference …,['Z Guo'],https://dl.acm.org/doi/abs/10.1145/3589335.3651254,google_scholar,146,0146.pdf,True,True
1,Cluster 1: Psychology & Persuasion,How to protect yourself from 5g radiation? investigating llm responses to implicit misinformation,how to protect yourself from 5g radiation investigating llm responses to implicit misinformation,2025.0,arXiv preprint arXiv:2503.09598,"['R Guo', 'W Xu', 'A Ritter']",https://arxiv.org/abs/2503.09598,google_scholar,148,0148.pdf,True,True
1,Cluster 1: Psychology & Persuasion,Misinformation and Disinformation in Generative AI—A Survey,misinformation and disinformation in generative ai a survey,2025.0,Pacific-Asia Conference on Knowledge Discovery and …,['R Srinivasan'],https://link.springer.com/chapter/10.1007/978-981-96-8183-9_23,google_scholar,149,0149.pdf,True,True
1,Cluster 1: Psychology & Persuasion,Generative echo chamber? effect of llm-powered search systems on diverse information seeking,generative echo chamber effect of llm powered search systems on diverse information seeking,2024.0,Proceedings of the 2024 CHI Conference …,"['N Sharma', 'QV Liao', 'Z Xiao']",https://dl.acm.org/doi/abs/10.1145/3613904.3642459,google_scholar,152,0152.pdf,True,True
1,Cluster 1: Psychology & Persuasion,Disinformation detection: An evolving challenge in the age of llms,disinformation detection an evolving challenge in the age of llms,2024.0,Proceedings of the 2024 siam international …,"['B Jiang', 'Z Tan', 'A Nirmal', 'H Liu']",https://epubs.siam.org/doi/abs/10.1137/1.9781611978032.50,google_scholar,155,0155.pdf,True,False
1,Cluster 1: Psychology & Persuasion,Preventing and detecting misinformation generated by large language models,preventing and detecting misinformation generated by large language models,2024.0,Proceedings of the 47th International ACM SIGIR …,"['A Liu', 'Q Sheng', 'X Hu']",https://dl.acm.org/doi/abs/10.1145/3626772.3661377,google_scholar,156,0156.pdf,True,True
1,Cluster 1: Psychology & Persuasion,"Misinformation, disinformation, and generative AI: Implications for perception and policy",misinformation disinformation and generative ai implications for perception and policy,2025.0,… : Research and Practice,"['K Jaidka', 'T Chen', 'S Chesterman', 'W Hsu']",https://dl.acm.org/doi/abs/10.1145/3689372,google_scholar,157,0157.pdf,True,True
1,Cluster 1: Psychology & Persuasion,Debunk Lists as External Knowledge Structures for Health Misinformation Detection with Generative AI,debunk lists as external knowledge structures for health misinformation detection with generative ai,2025.0,Systems,"['M Rostami', 'S Hawamdeh']",https://www.mdpi.com/2079-8954/13/10/882,google_scholar,158,0158.pdf,True,True
1,Cluster 1: Psychology & Persuasion,A Framework to Assess the Persuasion Risks Large Language Model Chatbots Pose to Democratic Societies,a framework to assess the persuasion risks large language model chatbots pose to democratic societies,2025.0,arXiv preprint arXiv …,"['Z Chen', 'J Kalla', 'Q Le', 'S Nakamura-Sakai']",https://arxiv.org/abs/2505.00036,google_scholar,160,0160.pdf,True,True
1,Cluster 1: Psychology & Persuasion,Personalizing LLM Responses to Combat Political Misinformation,personalizing llm responses to combat political misinformation,2025.0,Proceedings of the 33rd …,"['A Proma', 'N Pate', 'J Druckman', 'G Ghoshal']",https://dl.acm.org/doi/abs/10.1145/3699682.3728349,google_scholar,162,0162.pdf,True,True
1,Cluster 1: Psychology & Persuasion,Simulating Misinformation Vulnerabilities With Agent Personas,simulating misinformation vulnerabilities with agent personas,2025.0,arXiv preprint arXiv …,"['D Farr', 'LHX Ng', 'S Prochaska', 'IJ Cruickshank']",https://arxiv.org/abs/2511.04697,google_scholar,163,0163.pdf,True,True
1,Cluster 1: Psychology & Persuasion,Disinformation capabilities of large language models,disinformation capabilities of large language models,2024.0,Proceedings of the …,"['I Vykopal', 'M Pikuliak', 'I Srba', 'R Moro']",https://aclanthology.org/2024.acl-long.793/,google_scholar,166,0166.pdf,True,True
1,Cluster 1: Psychology & Persuasion,On the risk of misinformation pollution with large language models,on the risk of misinformation pollution with large language models,2023.0,Findings of the …,"['Y Pan', 'L Pan', 'W Chen', 'P Nakov', 'MY Kan']",https://aclanthology.org/2023.findings-emnlp.97/,google_scholar,167,0167.pdf,True,True
1,Cluster 1: Psychology & Persuasion,Misinformation detection methods using large language models and evaluation of application programming interfaces,misinformation detection methods using large language models and evaluation of application programming interfaces,2024.0,,['C Donner'],https://shareok.org/bitstream/handle/11244/340251/2024_Donner_Catherine_Thesis.pdf?sequence=1,google_scholar,168,0168.pdf,True,True
1,Cluster 1: Psychology & Persuasion,LLM-Consensus: Multi-Agent Debate for Visual Misinformation Detection,llm consensus multi agent debate for visual misinformation detection,2024.0,arXiv preprint arXiv …,"['K Lakara', 'G Channing', 'J Sock', 'C Rupprecht']",https://arxiv.org/abs/2410.20140,google_scholar,169,0169.pdf,True,False
1,Cluster 1: Psychology & Persuasion,Fact-checking with Generative AI: A Systematic Cross-Topic Examination of LLMs Capacity to Detect Veracity of Political Information,fact checking with generative ai a systematic cross topic examination of llms capacity to detect veracity of political information,2025.0,arXiv preprint arXiv …,"['E Kuznetsova', 'I Vitulano', 'M Makhortykh']",https://arxiv.org/abs/2503.08404,google_scholar,171,0171.pdf,True,True
1,Cluster 1: Psychology & Persuasion,Competing LLM Agents in a Non-Cooperative Game of Opinion Polarisation,competing llm agents in a non cooperative game of opinion polarisation,2025.0,arXiv preprint arXiv:2502.11649,"['A Qasmi', 'U Naseem', 'M Nasim']",https://arxiv.org/abs/2502.11649,google_scholar,174,0174.pdf,True,True
1,Cluster 1: Psychology & Persuasion,Improving LLM-based opinion expression identification with dependency syntax,improving llm based opinion expression identification with dependency syntax,2025.0,Pattern Recognition Letters,"['Q Xu', 'P Guo', 'F Li', 'M Zhang', 'D Ji']",https://www.sciencedirect.com/science/article/pii/S0167865525002648,google_scholar,176,0176.pdf,True,True
1,Cluster 1: Psychology & Persuasion,Sleeper Social Bots: a new generation of AI disinformation bots are already a political threat,sleeper social bots a new generation of ai disinformation bots are already a political threat,2024.0,arXiv preprint arXiv …,"['J Doshi', 'I Novacic', 'C Fletcher', 'M Borges']",https://arxiv.org/abs/2408.12603,google_scholar,178,0178.pdf,True,True
1,Cluster 1: Psychology & Persuasion,Beyond Misinformation: A Conceptual Framework for Studying AI Hallucinations in (Science) Communication,beyond misinformation a conceptual framework for studying ai hallucinations in science communication,2025.0,arXiv preprint arXiv:2504.13777,['A Shao'],https://arxiv.org/abs/2504.13777,google_scholar,179,0179.pdf,True,True
1,Cluster 1: Psychology & Persuasion,Simulating Misinformation Propagation in Social Networks using Large Language Models,simulating misinformation propagation in social networks using large language models,2025.0,arXiv preprint arXiv …,"['RG Maurya', 'V Shukla', 'RA Dandekar']",https://arxiv.org/abs/2511.10384,google_scholar,184,0184.pdf,True,True
1,Cluster 1: Psychology & Persuasion,"Tripartite Intelligence: Synergizing Deep Neural Network, Large Language Model, and Human Intelligence for Public Health Misinformation Detection (Archival Full …",tripartite intelligence synergizing deep neural network large language model and human intelligence for public health misinformation detection archival full …,2024.0,Proceedings of the …,"['Y Zhang', 'R Zong', 'L Shang', 'Z Yue', 'H Zeng']",https://dl.acm.org/doi/abs/10.1145/3643562.3672613,google_scholar,185,0185.pdf,True,True
1,Cluster 1: Psychology & Persuasion,ChatGPT output regarding compulsory vaccination and COVID-19 vaccine conspiracy: a descriptive study at the outset of a paradigm shift in online search for …,chatgpt output regarding compulsory vaccination and covid 19 vaccine conspiracy a descriptive study at the outset of a paradigm shift in online search for …,2023.0,Cureus,"['M Sallam', 'NA Salim', ""B Ala'a"", 'M Barakat', 'D Fayyad']",https://www.cureus.com/articles/138396-chatgpt-output-regarding-compulsory-vaccination-and-covid-19-vaccine-conspiracy-a-descriptive-study-at-the-outset-of-a-paradigm-shift-in-online-search-for-information.pdf,google_scholar,187,0187.pdf,True,True
1,Cluster 1: Psychology & Persuasion,Detecting Health Misinformation by Leveraging LLM Models and Debunk List,detecting health misinformation by leveraging llm models and debunk list,2025.0,Proceedings of the ACM …,"['M Rostami', 'KSMT Hossain', 'S Hawamdeh']",https://dl.acm.org/doi/abs/10.1145/3721201.3725518,google_scholar,188,0188.pdf,True,True
1,Cluster 1: Psychology & Persuasion,When Your AI Agent Succumbs to Peer-Pressure: Studying Opinion-Change Dynamics of LLMs,when your ai agent succumbs to peer pressure studying opinion change dynamics of llms,2025.0,arXiv preprint arXiv:2510.19107,"['A Mehdizadeh', 'M Hilbert']",https://arxiv.org/abs/2510.19107,google_scholar,189,0189.pdf,True,True
1,Cluster 1: Psychology & Persuasion,Beyond speculation: Measuring the growing presence of LLM-generated texts in multilingual disinformation,beyond speculation measuring the growing presence of llm generated texts in multilingual disinformation,2025.0,arXiv preprint arXiv …,"['D Macko', 'AA Ramakrishnan', 'JS Lucas', 'R Moro']",https://arxiv.org/abs/2503.23242,google_scholar,190,0190.pdf,True,True
1,Cluster 1: Psychology & Persuasion,Red-teaming finds OpenAI's ChatGPT and Google's Bard still spread misinformation,red teaming finds openai s chatgpt and google s bard still spread misinformation,2023.0,,"['J Brewster', 'M Sadeghi']",http://media.mediapost.com.s3.amazonaws.com/uploads/NewsGuardRedTeaming.pdf,google_scholar,191,0191.pdf,False,True
1,Cluster 1: Psychology & Persuasion,Evaluation of LLM vulnerabilities to being misused for personalized disinformation generation,evaluation of llm vulnerabilities to being misused for personalized disinformation generation,2025.0,Proceedings of the …,"['A Zugecova', 'D Macko', 'I Srba', 'R Moro']",https://aclanthology.org/2025.acl-long.38/,google_scholar,192,0192.pdf,True,True
1,Cluster 1: Psychology & Persuasion,Misinformation and Generative AI: How Users Construe Their Sense of Diagnostic Misinformation,misinformation and generative ai how users construe their sense of diagnostic misinformation,2024.0,Artificial Misinformation: Exploring Human-Algorithm …,['D Shin'],https://link.springer.com/chapter/10.1007/978-3-031-52569-8_9,google_scholar,194,0194.pdf,True,True
1,Cluster 1: Psychology & Persuasion,ChatGPT and vaccines: can AI chatbots boost awareness and uptake?,chatgpt and vaccines can ai chatbots boost awareness and uptake,2024.0,Annals of Biomedical …,"['SS Sohail', 'DØ Madsen', 'F Farhat', 'MA Alam']",https://link.springer.com/article/10.1007/s10439-023-03305-y,google_scholar,197,0197.pdf,True,True
2,Cluster 2: Creativity & Ideation,An empirical investigation of the impact of ChatGPT on creativity,an empirical investigation of the impact of chatgpt on creativity,2024.0,Nature Human Behaviour,"['BC Lee', 'J Chung']",https://www.nature.com/articles/s41562-024-01953-1,google_scholar,200,0200.pdf,True,True
2,Cluster 2: Creativity & Ideation,Generative AI and Creativity: A Systematic Literature Review and Meta-Analysis,generative ai and creativity a systematic literature review and meta analysis,2025.0,arXiv preprint arXiv:2505.17241,"['N Holzner', 'S Maier', 'S Feuerriegel']",https://arxiv.org/abs/2505.17241,google_scholar,202,0202.pdf,True,True
2,Cluster 2: Creativity & Ideation,Can LLM-Powered Multi-Agent Systems Augment Human Creativity? Evidence from Brainstorming Tasks,can llm powered multi agent systems augment human creativity evidence from brainstorming tasks,2025.0,Proceedings of the ACM Collective Intelligence …,"['K Fukumura', 'T Ito']",https://dl.acm.org/doi/abs/10.1145/3715928.3737479,google_scholar,204,0204.pdf,True,True
2,Cluster 2: Creativity & Ideation,Supermind ideator: How scaffolding human-AI collaboration can increase creativity,supermind ideator how scaffolding human ai collaboration can increase creativity,2024.0,… collective intelligence …,"['JL Heyman', 'SR Rick', 'G Giacomelli', 'H Wen']",https://dl.acm.org/doi/abs/10.1145/3643562.3672611,google_scholar,205,0205.pdf,True,True
2,Cluster 2: Creativity & Ideation,Chatgpt and me: Collaborative creativity in a group brainstorming with generative ai,chatgpt and me collaborative creativity in a group brainstorming with generative ai,2024.0,2024 ASEE Annual …,"['HK Kim', 'A Roknaldin', 'SP Nayak', 'X Zhang']",https://peer.asee.org/48457.pdf,google_scholar,206,0206.pdf,True,True
2,Cluster 2: Creativity & Ideation,The temperature feature of ChatGPT: modifying creativity for clinical research,the temperature feature of chatgpt modifying creativity for clinical research,2024.0,JMIR human …,"['J Davis', 'L Van Bulck', 'BN Durieux']",https://humanfactors.jmir.org/2024/1/e53559/,google_scholar,207,0207.pdf,True,True
2,Cluster 2: Creativity & Ideation,The effects of generative AI on collaborative problem-solving and team creativity performance in digital story creation: an experimental study,the effects of generative ai on collaborative problem solving and team creativity performance in digital story creation an experimental study,2025.0,International Journal of Educational …,"['X Wei', 'L Wang', 'LK Lee', 'R Liu']",https://link.springer.com/article/10.1186/s41239-025-00526-0,google_scholar,208,0208.pdf,True,True
2,Cluster 2: Creativity & Ideation,Human creativity in the age of llms: Randomized experiments on divergent and convergent thinking,human creativity in the age of llms randomized experiments on divergent and convergent thinking,2025.0,Proceedings of the 2025 …,"['H Kumar', 'J Vincentius', 'E Jordan']",https://dl.acm.org/doi/abs/10.1145/3706598.3714198,google_scholar,212,0212.pdf,True,True
2,Cluster 2: Creativity & Ideation,AI and Creativity in Entrepreneurship Education: A Systematic Review of LLM Applications,ai and creativity in entrepreneurship education a systematic review of llm applications,2025.0,AI,"['JH Park', 'SJ Kim', 'ST Lee']",https://www.mdpi.com/2673-2688/6/5/100,google_scholar,214,0214.pdf,True,True
2,Cluster 2: Creativity & Ideation,AI and the Future of Collaborative Work: Group Ideation with an LLM in a Virtual Canvas,ai and the future of collaborative work group ideation with an llm in a virtual canvas,2024.0,Proceedings of the 3rd …,"['J He', 'S Houde', 'GE Gonzalez', 'DA Silva Moran']",https://dl.acm.org/doi/abs/10.1145/3663384.3663398,google_scholar,216,0216.pdf,True,True
2,Cluster 2: Creativity & Ideation,""" It Felt Like Having a Second Mind"": Investigating Human-AI Co-creativity in Prewriting with Large Language Models",it felt like having a second mind investigating human ai co creativity in prewriting with large language models,2024.0,Proceedings of the ACM on …,"['Q Wan', 'S Hu', 'Y Zhang', 'P Wang', 'B Wen']",https://dl.acm.org/doi/abs/10.1145/3637361,google_scholar,217,0217.pdf,True,True
2,Cluster 2: Creativity & Ideation,How ai processing delays foster creativity: Exploring research question co-creation with an llm-based agent,how ai processing delays foster creativity exploring research question co creation with an llm based agent,2024.0,Proceedings of the …,"['Y Liu', 'S Chen', 'H Cheng', 'M Yu', 'X Ran', 'A Mo']",https://dl.acm.org/doi/abs/10.1145/3613904.3642698,google_scholar,218,0218.pdf,True,False
2,Cluster 2: Creativity & Ideation,LLM discussion: Enhancing the creativity of large language models via discussion framework and role-play,llm discussion enhancing the creativity of large language models via discussion framework and role play,2024.0,arXiv preprint arXiv …,"['LC Lu', 'SJ Chen', 'TM Pai', 'CH Yu', 'H Lee']",https://arxiv.org/abs/2405.06373,google_scholar,221,0221.pdf,True,False
2,Cluster 2: Creativity & Ideation,"How AI ideas affect the creativity, diversity, and evolution of human ideas: evidence from a large, dynamic experiment",how ai ideas affect the creativity diversity and evolution of human ideas evidence from a large dynamic experiment,2025.0,… collective intelligence …,"['J Ashkinaze', 'J Mendelsohn', 'L Qiwei', 'C Budak']",https://dl.acm.org/doi/abs/10.1145/3715928.3737481,google_scholar,222,0222.pdf,True,True
2,Cluster 2: Creativity & Ideation,Managing the creative frontier of generative AI: The novelty-usefulness tradeoff,managing the creative frontier of generative ai the novelty usefulness tradeoff,2023.0,California Management Review,"['A Mukherjee', 'H Chang']",https://papers.ssrn.com/sol3/papers.cfm?abstract_id=4469983,google_scholar,223,0223.pdf,True,True
2,Cluster 2: Creativity & Ideation,Effects of ChatGPT use on undergraduate students' creativity: a threat to creative thinking?,effects of chatgpt use on undergraduate students creativity a threat to creative thinking,2024.0,Discover Artificial Intelligence,"['RB Toma', 'I Yánez-Pérez']",https://link.springer.com/article/10.1007/s44163-024-00172-x,google_scholar,224,0224.pdf,True,True
2,Cluster 2: Creativity & Ideation,Scaffolding Creativity: How Divergent and Convergent LLM Personas Shape Human Machine Creative Problem-Solving,scaffolding creativity how divergent and convergent llm personas shape human machine creative problem solving,2025.0,arXiv preprint arXiv …,"['A Rosenbaum', 'Y David', 'E Kaufman', 'G Ravid']",https://arxiv.org/abs/2510.26490,google_scholar,226,0226.pdf,True,False
2,Cluster 2: Creativity & Ideation,A map of exploring human interaction patterns with LLM: Insights into collaboration and creativity,a map of exploring human interaction patterns with llm insights into collaboration and creativity,2024.0,International conference on human-computer …,"['J Li', 'J Li', 'Y Su']",https://link.springer.com/chapter/10.1007/978-3-031-60615-1_5,google_scholar,229,0229.pdf,True,True
2,Cluster 2: Creativity & Ideation,Divergent creativity in humans and large language models,divergent creativity in humans and large language models,2024.0,arXiv preprint arXiv …,"['A Bellemare-Pepin', 'F Lespinasse', 'P Thölke']",https://arxiv.org/abs/2405.13012,google_scholar,230,0230.pdf,True,True
2,Cluster 2: Creativity & Ideation,When ChatGPT Writes Your Research Proposal: Scientific Creativity in the Age of Generative AI,when chatgpt writes your research proposal scientific creativity in the age of generative ai,2025.0,Journal of Intelligence,"['V Eymann', 'T Lachmann', 'D Czernochowski']",https://www.mdpi.com/2079-3200/13/5/55,google_scholar,231,0231.pdf,True,True
2,Cluster 2: Creativity & Ideation,Collaborative Canvas: A Tool for Exploring LLM Use in Group Ideation Tasks.,collaborative canvas a tool for exploring llm use in group ideation tasks,2024.0,IUI …,"['GE Gonzalez', 'DAS Moran', 'S Houde', 'J He', 'SI Ross']",https://hai-gen.github.io/2024/papers/1541-Gonzalez.pdf,google_scholar,232,0232.pdf,True,True
2,Cluster 2: Creativity & Ideation,Human Creativity in the Age of LLMs,human creativity in the age of llms,2024.0,arXiv preprint arXiv …,"['H Kumar', 'J Vincentius', 'E Jordan']",https://musikundki.de/wp-content/uploads/2025/08/TORONTO-UNIVERSITIY.pdf,google_scholar,234,0234.pdf,True,True
2,Cluster 2: Creativity & Ideation,Groups and AI: How Access to Generative AI Influences Creative Teamwork,groups and ai how access to generative ai influences creative teamwork,2025.0,Proceedings of the …,"['PM Preuschoff', 'R Zaghal', 'O Nowak']",https://dl.acm.org/doi/abs/10.1145/3743049.3743073,google_scholar,237,0237.pdf,True,True
2,Cluster 2: Creativity & Ideation,Workplace Everyday-Creativity through a Highly-Conversational UI to Large Language Models,workplace everyday creativity through a highly conversational ui to large language models,2024.0,ACM CHI Conference on …,"['M Muller', 'J He', 'J Weisz']",https://generativeaiandhci.github.io/papers/2024/genaichi2024_15.pdf,google_scholar,238,0238.pdf,True,True
2,Cluster 2: Creativity & Ideation,Large-scale Group Brainstorming and Deliberation using Swarm Intelligence and Generative AI,large scale group brainstorming and deliberation using swarm intelligence and generative ai,2025.0,Proceedings of the …,"['L Rosenberg', 'H Schumann', 'C Dishop']",https://www.scitepress.org/Papers/2025/133798/133798.pdf,google_scholar,240,0240.pdf,True,True
2,Cluster 2: Creativity & Ideation,Generating creativity through ChatGPT: an empirical investigation in open innovation platforms,generating creativity through chatgpt an empirical investigation in open innovation platforms,2025.0,Information Technology and …,"['L Yongjun', 'L Xinyue', 'W Lizheng']",https://link.springer.com/article/10.1007/s10799-025-00454-5,google_scholar,241,0241.pdf,True,True
2,Cluster 2: Creativity & Ideation,Art or artifice? large language models and the false promise of creativity,art or artifice large language models and the false promise of creativity,2024.0,Proceedings of the …,"['T Chakrabarty', 'P Laban', 'D Agarwal']",https://dl.acm.org/doi/abs/10.1145/3613904.3642731,google_scholar,243,0243.pdf,True,True
2,Cluster 2: Creativity & Ideation,Creativity in LLM-based Multi-Agent Systems: A Survey,creativity in llm based multi agent systems a survey,2025.0,arXiv preprint arXiv …,"['YC Lin', 'KC Chen', 'ZY Li', 'TH Wu', 'TH Wu']",https://arxiv.org/abs/2505.21116,google_scholar,244,0244.pdf,True,True
2,Cluster 2: Creativity & Ideation,Impact of the usage of ChatGPT on creativity among postgraduate student,impact of the usage of chatgpt on creativity among postgraduate student,2024.0,Int J Sustain Soc Sci (IJSSS),"['R Padhiyar', 'S Modha']",https://pdfs.semanticscholar.org/33e2/c34451b9ffe63f0680e2936c7a698e9d2f2e.pdf,google_scholar,245,0245.pdf,True,True
2,Cluster 2: Creativity & Ideation,Creativity support in the age of large language models: An empirical study involving professional writers,creativity support in the age of large language models an empirical study involving professional writers,2024.0,… on Creativity & …,"['T Chakrabarty', 'V Padmakumar', 'F Brahman']",https://dl.acm.org/doi/abs/10.1145/3635636.3656201,google_scholar,247,0247.pdf,True,True
2,Cluster 2: Creativity & Ideation,Creativity support in the age of large language models: An empirical study involving emerging writers,creativity support in the age of large language models an empirical study involving emerging writers,2023.0,arXiv preprint arXiv …,"['T Chakrabarty', 'V Padmakumar', 'F Brahman']",https://arxiv.org/abs/2309.12570,google_scholar,249,0249.pdf,True,True
2,Cluster 2: Creativity & Ideation,One does not simply meme alone: Evaluating co-creativity between LLMs and humans in the generation of humor,one does not simply meme alone evaluating co creativity between llms and humans in the generation of humor,2025.0,… of the 30th International Conference on …,"['Z Wu', 'T Weber', 'F Müller']",https://dl.acm.org/doi/abs/10.1145/3708359.3712094,google_scholar,250,0250.pdf,True,True
2,Cluster 2: Creativity & Ideation,Has the Creativity of Large-Language Models peaked? An analysis of inter-and intra-LLM variability,has the creativity of large language models peaked an analysis of inter and intra llm variability,2025.0,arXiv preprint arXiv:2504.12320,"['J Haase', 'PHP Hanel', 'S Pokutta']",https://arxiv.org/abs/2504.12320,google_scholar,251,0251.pdf,True,True
2,Cluster 2: Creativity & Ideation,Homogenization effects of large language models on human creative ideation,homogenization effects of large language models on human creative ideation,2024.0,… the 16th conference on creativity …,"['BR Anderson', 'JH Shah', 'M Kreminski']",https://dl.acm.org/doi/abs/10.1145/3635636.3656204,google_scholar,253,0253.pdf,True,True
2,Cluster 2: Creativity & Ideation,The current state of artificial intelligence generative language models is more creative than humans on divergent thinking tasks,the current state of artificial intelligence generative language models is more creative than humans on divergent thinking tasks,2024.0,Scientific Reports,"['KF Hubert', 'KN Awa', 'DL Zabelina']",https://www.nature.com/articles/s41598-024-53303-w,google_scholar,257,0257.pdf,True,True
2,Cluster 2: Creativity & Ideation,Supermind Ideator: Exploring generative AI to support creative problem-solving,supermind ideator exploring generative ai to support creative problem solving,2023.0,arXiv preprint arXiv …,"['SR Rick', 'G Giacomelli', 'H Wen', 'RJ Laubacher']",https://arxiv.org/abs/2311.01937,google_scholar,258,0258.pdf,True,True
2,Cluster 2: Creativity & Ideation,When ChatGPT is gone: Creativity reverts and homogeneity persists,when chatgpt is gone creativity reverts and homogeneity persists,2024.0,arXiv preprint arXiv:2401.06816,"['Q Liu', 'Y Zhou', 'J Huang', 'G Li']",https://arxiv.org/abs/2401.06816,google_scholar,263,0263.pdf,True,True
2,Cluster 2: Creativity & Ideation,Piecing together teamwork: A responsible approach to an LLM-based educational jigsaw agent,piecing together teamwork a responsible approach to an llm based educational jigsaw agent,2025.0,Proceedings of the …,"['E Doherty', 'EM Perkoff', 'S von Bayern', 'R Zhang']",https://dl.acm.org/doi/abs/10.1145/3706598.3713349,google_scholar,264,0264.pdf,True,True
2,Cluster 2: Creativity & Ideation,CharacterMeet: Supporting creative writers' entire story character construction processes through conversation with LLM-powered chatbot avatars,charactermeet supporting creative writers entire story character construction processes through conversation with llm powered chatbot avatars,2024.0,… of the 2024 CHI Conference on …,"['HX Qin', 'S Jin', 'Z Gao', 'M Fan', 'P Hui']",https://dl.acm.org/doi/abs/10.1145/3613904.3642105,google_scholar,267,0267.pdf,True,True
2,Cluster 2: Creativity & Ideation,Inspiration booster or creative fixation? The dual mechanisms of LLMs in shaping individual creativity in tasks of different complexity,inspiration booster or creative fixation the dual mechanisms of llms in shaping individual creativity in tasks of different complexity,2025.0,Humanities and Social Sciences Communications,"['X Cheng', 'L Zhang']",https://www.nature.com/articles/s41599-025-05867-9,google_scholar,270,0270.pdf,True,True
2,Cluster 2: Creativity & Ideation,"Can ChatGPT be an author? Generative AI creative writing assistance and perceptions of authorship, creatorship, responsibility, and disclosure",can chatgpt be an author generative ai creative writing assistance and perceptions of authorship creatorship responsibility and disclosure,2025.0,Ai & Society,"['P Formosa', 'S Bankins', 'R Matulionyte', 'O Ghasemi']",https://link.springer.com/article/10.1007/s00146-024-02081-0,google_scholar,271,0271.pdf,True,True
2,Cluster 2: Creativity & Ideation,Structured Creativity: Enhancing Business Model Innovation with Generative AI,structured creativity enhancing business model innovation with generative ai,2025.0,… Conference on Design …,"['C Scheiber', 'TP Böttcher', 'E Fielt']",https://link.springer.com/chapter/10.1007/978-3-031-93979-2_13,google_scholar,273,0273.pdf,True,True
2,Cluster 2: Creativity & Ideation,Chatbot development using langchain: a case study to foster critical thinking and creativity,chatbot development using langchain a case study to foster critical thinking and creativity,2024.0,Proceedings of the 2024 on Innovation and …,"['L Farinetti', 'L Canale']",https://dl.acm.org/doi/abs/10.1145/3649217.3653557,google_scholar,275,0275.pdf,True,True
2,Cluster 2: Creativity & Ideation,ORIBA: Exploring LLM-Driven Role-Play Chatbot as a Creativity Support Tool for Original Character Artists,oriba exploring llm driven role play chatbot as a creativity support tool for original character artists,2025.0,arXiv preprint arXiv …,"['Y Sun', 'X Li', 'S Yao', 'N Howell', 'T Braud', 'CH Lee']",https://arxiv.org/abs/2512.12630,google_scholar,277,0277.pdf,True,True
2,Cluster 2: Creativity & Ideation,Human-AI co-creativity: Exploring synergies across levels of creative collaboration,human ai co creativity exploring synergies across levels of creative collaboration,2024.0,arXiv preprint arXiv:2411.12527,"['J Haase', 'S Pokutta']",https://arxiv.org/abs/2411.12527,google_scholar,279,0279.pdf,True,True
2,Cluster 2: Creativity & Ideation,Designing Interactions with Generative AI for Art and Creativity: A Systematic Review and Taxonomy,designing interactions with generative ai for art and creativity a systematic review and taxonomy,2025.0,Proceedings of the …,"['X Hu', 'Y Xing', 'X Cai', 'Y Zhao', 'M Cook', 'R Borgo']",https://dl.acm.org/doi/abs/10.1145/3715336.3735843,google_scholar,280,0280.pdf,True,True
2,Cluster 2: Creativity & Ideation,How AI is Reshaping Creativity: DeepSeek vs ChatGPT Plus in LEGO® SERIOUS PLAY®,how ai is reshaping creativity deepseek vs chatgpt plus in lego® serious play®,2025.0,… Conference on the Ethical and Social …,"['A Almeida', 'D Meyerson', 'I Almeida']",https://link.springer.com/chapter/10.1007/978-3-032-01429-0_7,google_scholar,282,0282.pdf,True,True
2,Cluster 2: Creativity & Ideation,On the creativity of large language models,on the creativity of large language models,2025.0,AI & society,"['G Franceschelli', 'M Musolesi']",https://link.springer.com/article/10.1007/s00146-024-02127-3,google_scholar,285,0285.pdf,True,True
2,Cluster 2: Creativity & Ideation,Rethinking Creativity Evaluation: A Critical Analysis of Existing Creativity Evaluations,rethinking creativity evaluation a critical analysis of existing creativity evaluations,2025.0,arXiv preprint arXiv …,"['LC Lu', 'M Liu', 'PC Lu', 'Y Tian', 'SH Sun']",https://arxiv.org/abs/2508.05470,google_scholar,289,0289.pdf,True,True
2,Cluster 2: Creativity & Ideation,The Effects of (Dis) similarities Between the Creator and the Assessor on Assessing Creativity: A Comparison of Humans and LLMs,the effects of dis similarities between the creator and the assessor on assessing creativity a comparison of humans and llms,2025.0,Journal of Intelligence,"[""M op 't Hof"", 'K Hu', 'S Tong', 'H Bai']",https://www.mdpi.com/2079-3200/13/7/80,google_scholar,290,0290.pdf,True,True
2,Cluster 2: Creativity & Ideation,Creativity in the Age of AI: Evaluating the Impact of Generative AI on Design Outputs and Designers' Creative Thinking,creativity in the age of ai evaluating the impact of generative ai on design outputs and designers creative thinking,2024.0,arXiv preprint arXiv …,"['Y Fu', 'H Bin', 'T Zhou', 'M Wang', 'Y Chen']",https://arxiv.org/abs/2411.00168,google_scholar,291,0291.pdf,True,True
2,Cluster 2: Creativity & Ideation,Enhancing novelty in chatgpt responses: Incorporating random word brainstorming,enhancing novelty in chatgpt responses incorporating random word brainstorming,2023.0,Proceedings of the 13th …,"['P Taveekitworachai', 'R Thawonmas']",https://dl.acm.org/doi/abs/10.1145/3628454.3628456,google_scholar,297,0297.pdf,True,True
2,Cluster 2: Creativity & Ideation,Enhancing designer creativity through human–AI co-ideation: a co-creation framework for design ideation with custom GPT,enhancing designer creativity through human ai co ideation a co creation framework for design ideation with custom gpt,2025.0,AI EDAM,"['P Wang', 'Y Khinvasara', 'GJ Creijghton', 'T Scholing']",https://www.cambridge.org/core/journals/ai-edam/article/enhancing-designer-creativity-through-humanai-coideation-a-cocreation-framework-for-design-ideation-with-custom-gpt/BCC2CBE43EECE6F0D937BBC0D2F44868,google_scholar,298,0298.pdf,True,True
3,Cluster 3: Education & Productivity,Enhancing work productivity through generative artificial intelligence: A comprehensive literature review,enhancing work productivity through generative artificial intelligence a comprehensive literature review,2024.0,Sustainability,"['H Al Naqbi', 'Z Bahroun', 'V Ahmed']",https://www.mdpi.com/2071-1050/16/3/1166,google_scholar,300,0300.pdf,True,True
3,Cluster 3: Education & Productivity,Corporate Communication Companion (CCC): An LLM-empowered Writing Assistant for Workplace Social Media,corporate communication companion ccc an llm empowered writing assistant for workplace social media,2024.0,arXiv preprint arXiv …,"['Z Lu', 'S Mysore', 'T Safavi', 'J Neville', 'L Yang']",https://arxiv.org/abs/2405.04656,google_scholar,301,0301.pdf,True,True
3,Cluster 3: Education & Productivity,Early LLM-based tools for enterprise information workers likely provide meaningful boosts to productivity,early llm based tools for enterprise information workers likely provide meaningful boosts to productivity,2023.0,… Research. MSR-TR …,"['A Cambon', 'B Hecht', 'B Edelman', 'D Ngwe']",https://researchdmr.com/files/AI-and-Productivity-Report-First-Edition2023.pdf,google_scholar,304,0304.pdf,True,True
3,Cluster 3: Education & Productivity,Productivity vs. purpose: Generative AI enhances task performance but reduces meaningfulness in programming,productivity vs purpose generative ai enhances task performance but reduces meaningfulness in programming,2024.0,,"['M Mehler', 'K Krautter']",https://aisel.aisnet.org/context/ecis2024/article/1173/viewcontent/1138_doc.pdf,google_scholar,306,0306.pdf,True,True
3,Cluster 3: Education & Productivity,""" If the machine is as good as me, then what use am I?""–How the use of ChatGPT changes young professionals' perception of productivity and accomplishment",if the machine is as good as me then what use am i how the use of chatgpt changes young professionals perception of productivity and accomplishment,2024.0,Proceedings of the …,"['C Kobiella', 'YS Flores López', 'F Waltenberger']",https://dl.acm.org/doi/abs/10.1145/3613904.3641964,google_scholar,307,0307.pdf,True,True
3,Cluster 3: Education & Productivity,Llm-based smart reply (lsr): Enhancing collaborative performance with chatgpt-mediated smart reply system,llm based smart reply lsr enhancing collaborative performance with chatgpt mediated smart reply system,2023.0,arXiv preprint arXiv …,"['A Bastola', 'H Wang', 'J Hembree', 'P Yadav']",https://arxiv.org/abs/2306.11980,google_scholar,308,0308.pdf,True,True
3,Cluster 3: Education & Productivity,Experimenting with Generative AI: Does ChatGPT Really Increase Everyone's Productivity?,experimenting with generative ai does chatgpt really increase everyone s productivity,2024.0,arXiv preprint arXiv:2403.01770,"['V Nakavachara', 'T Potipiti', 'T Chaiwat']",https://arxiv.org/abs/2403.01770,google_scholar,309,0309.pdf,True,True
3,Cluster 3: Education & Productivity,Generative AI and labour productivity: a field experiment on coding,generative ai and labour productivity a field experiment on coding,2024.0,,"['L Gambacorta', 'H Qiu', 'S Shan', 'DM Rees']",https://www.bis.org/publ/work1208.pdf,google_scholar,314,0314.pdf,True,True
3,Cluster 3: Education & Productivity,The impact of LLM-assistants on software developer productivity: A systematic literature review,the impact of llm assistants on software developer productivity a systematic literature review,2025.0,arXiv preprint arXiv:2507.03156,"['A Mohamed', 'M Assi', 'M Guizani']",https://arxiv.org/abs/2507.03156,google_scholar,315,0315.pdf,True,True
3,Cluster 3: Education & Productivity,Your brain on ChatGPT: Accumulation of cognitive debt when using an AI assistant for essay writing task,your brain on chatgpt accumulation of cognitive debt when using an ai assistant for essay writing task,2025.0,arXiv preprint arXiv …,"['N Kosmyna', 'E Hauptmann', 'YT Yuan']",https://collimateur.uqam.ca/wp-content/uploads/sites/11/2025/12/2506.08872v1_comp.pdf,google_scholar,316,0316.pdf,True,True
3,Cluster 3: Education & Productivity,ChatGPT on ChatGPT: An exploratory analysis of its performance in the public sector workplace,chatgpt on chatgpt an exploratory analysis of its performance in the public sector workplace,2025.0,… : Research and Practice,"['J Wang', 'E Kiran', 'SR Aurora', 'M Simeone']",https://dl.acm.org/doi/abs/10.1145/3676281,google_scholar,317,0317.pdf,True,True
3,Cluster 3: Education & Productivity,ChatGPT and Beyond: Exploring the Responsible Use of Generative AI in the Workplace: M. Söllner et al.,chatgpt and beyond exploring the responsible use of generative ai in the workplace m söllner et al,2025.0,Business & Information …,"['M Söllner', 'T Arnold', 'A Benlian', 'U Bretschneider']",https://link.springer.com/article/10.1007/s12599-025-00932-8,google_scholar,319,0319.pdf,True,True
3,Cluster 3: Education & Productivity,"Take it, leave it, or fix it: Measuring productivity and trust in human-ai collaboration",take it leave it or fix it measuring productivity and trust in human ai collaboration,2024.0,Proceedings of the 29th International Conference on …,"['C Qian', 'J Wexler']",https://dl.acm.org/doi/abs/10.1145/3640543.3645198,google_scholar,321,0321.pdf,True,True
3,Cluster 3: Education & Productivity,When Efficiency Meets Fulfillment: Understanding Long-Term LLM Integration in Knowledge Work,when efficiency meets fulfillment understanding long term llm integration in knowledge work,2025.0,Proceedings of the 4th …,"['C Kobiella', 'T Mitrevska', 'A Schmidt']",https://dl.acm.org/doi/abs/10.1145/3729176.3729180,google_scholar,326,0326.pdf,True,True
3,Cluster 3: Education & Productivity,The role of generative ai in software development productivity: A pilot case study,the role of generative ai in software development productivity a pilot case study,2024.0,Proceedings of the 1st …,"['M Coutinho', 'L Marques', 'A Santos', 'M Dahia']",https://dl.acm.org/doi/abs/10.1145/3664646.3664773,google_scholar,330,0330.pdf,True,True
3,Cluster 3: Education & Productivity,Acceptance of generative AI in knowledge work,acceptance of generative ai in knowledge work,2023.0,,['K Koponen'],https://trepo.tuni.fi/bitstream/handle/10024/154287/KoponenKati.pdf?sequence=2,google_scholar,331,0331.pdf,True,True
3,Cluster 3: Education & Productivity,Generative ai in knowledge work: Design implications for data navigation and decision-making,generative ai in knowledge work design implications for data navigation and decision making,2025.0,Proceedings of the 2025 …,"['B Yun', 'D Feng', 'AS Chen', 'A Nikzad']",https://dl.acm.org/doi/abs/10.1145/3706598.3713337,google_scholar,333,0333.pdf,True,True
3,Cluster 3: Education & Productivity,Effects of generative artificial intelligence on cognitive effort and task performance: study protocol for a randomized controlled experiment among college students,effects of generative artificial intelligence on cognitive effort and task performance study protocol for a randomized controlled experiment among college students,2025.0,Trials,"['Y Chen', 'Y Wang', 'T Wüstenberg', 'RF Kizilcec', 'Y Fan']",https://link.springer.com/article/10.1186/s13063-025-08950-3,google_scholar,336,0336.pdf,True,True
3,Cluster 3: Education & Productivity,Working with AI: Measuring the occupational implications of generative AI,working with ai measuring the occupational implications of generative ai,2025.0,arXiv preprint arXiv …,"['K Tomlinson', 'S Jaffe', 'W Wang']",https://midmichigannow.com/resources/pdf/989258d1-0067-482c-84d6-cc097b38ee70-2507.07935v3.pdf,google_scholar,337,0337.pdf,True,True
3,Cluster 3: Education & Productivity,"The value, benefits, and concerns of generative ai-powered assistance in writing",the value benefits and concerns of generative ai powered assistance in writing,2024.0,Proceedings of the 2024 CHI Conference …,"['Z Li', 'C Liang', 'J Peng', 'M Yin']",https://dl.acm.org/doi/abs/10.1145/3613904.3642625,google_scholar,339,0339.pdf,True,True
3,Cluster 3: Education & Productivity,'I'm Categorizing LLM as a Productivity Tool': Examining Ethics of LLM Use in HCI Research Practices,i m categorizing llm as a productivity tool examining ethics of llm use in hci research practices,2025.0,Proceedings of the ACM on …,"['S Kapania', 'R Wang', 'TJJ Li', 'T Li', 'H Shen']",https://dl.acm.org/doi/abs/10.1145/3711000,google_scholar,344,0344.pdf,True,True
3,Cluster 3: Education & Productivity,Human-generative AI collaboration enhances task performance but undermines human's intrinsic motivation,human generative ai collaboration enhances task performance but undermines human s intrinsic motivation,2025.0,Scientific Reports,"['S Wu', 'Y Liu', 'M Ruan', 'S Chen', 'XY Xie']",https://www.nature.com/articles/s41598-025-98385-2,google_scholar,346,0346.pdf,True,True
3,Cluster 3: Education & Productivity,AscleAI: A LLM-based clinical note management system for enhancing clinician productivity,ascleai a llm based clinical note management system for enhancing clinician productivity,2024.0,Extended Abstracts of the CHI …,"['J Han', 'J Park', 'J Huh', 'U Oh', 'J Do', 'D Kim']",https://dl.acm.org/doi/abs/10.1145/3613905.3650784,google_scholar,347,0347.pdf,True,True
3,Cluster 3: Education & Productivity,Working with AI: measuring the applicability of generative AI to occupations,working with ai measuring the applicability of generative ai to occupations,2025.0,arXiv preprint arXiv …,"['K Tomlinson', 'S Jaffe', 'W Wang', 'S Counts']",https://arxiv.org/abs/2507.07935,google_scholar,352,0352.pdf,True,True
3,Cluster 3: Education & Productivity,ChatGPT-3.5 as writing assistance in students' essays,chatgpt 3 5 as writing assistance in students essays,2023.0,Humanities and social …,"['Ž Bašić', 'A Banovac', 'I Kružić', 'I Jerković']",https://www.nature.com/articles/s41599-023-02269-7,google_scholar,354,0354.pdf,True,True
3,Cluster 3: Education & Productivity,Performance of large language models ChatGPT and Gemini on workplace management questions in radiology,performance of large language models chatgpt and gemini on workplace management questions in radiology,2025.0,Diagnostics,"['P Leutz-Schmidt', 'V Palm', 'RM Mathy', 'M Grözinger']",https://www.mdpi.com/2075-4418/15/4/497,google_scholar,359,0359.pdf,True,True
3,Cluster 3: Education & Productivity,Exploring the productivity impacts of generative ai in organizations,exploring the productivity impacts of generative ai in organizations,2024.0,"Conference on e-Business, e-Services and e …","['B Semujanga', 'P Mikalef']",https://link.springer.com/chapter/10.1007/978-3-031-72234-9_9,google_scholar,362,0362.pdf,True,True
3,Cluster 3: Education & Productivity,The Heterogeneous Productivity Effects of Generative AI,the heterogeneous productivity effects of generative ai,2024.0,arXiv preprint arXiv:2403.01964,"['D Kreitmeir', 'PA Raschky']",https://arxiv.org/abs/2403.01964,google_scholar,364,0364.pdf,True,True
3,Cluster 3: Education & Productivity,Generative AI Uses and Risks for Knowledge Workers in a Science Organization,generative ai uses and risks for knowledge workers in a science organization,2025.0,… of the 2025 CHI Conference on …,"['KB Wagman', 'MT Dearing', 'M Chetty']",https://dl.acm.org/doi/abs/10.1145/3706598.3713827,google_scholar,368,0368.pdf,True,True
3,Cluster 3: Education & Productivity,The Impact of LLM-Based Coding Assistants on Developer Productivity,the impact of llm based coding assistants on developer productivity,2025.0,,['A Wittig'],https://sws.informatik.uni-leipzig.de/wp-content/uploads/2025/09/master_thesis_the_impact_of_llm_based_coding_assistants_on_developer_productivity.pdf,google_scholar,371,0371.pdf,True,True
3,Cluster 3: Education & Productivity,How knowledge workers use and want to use llms in an enterprise context,how knowledge workers use and want to use llms in an enterprise context,2024.0,Extended Abstracts of the …,"['M Brachman', 'A El-Ashry', 'C Dugan']",https://dl.acm.org/doi/abs/10.1145/3613905.3650841,google_scholar,373,0373.pdf,True,True
3,Cluster 3: Education & Productivity,Examining the use and impact of an ai code assistant on developer productivity and experience in the enterprise,examining the use and impact of an ai code assistant on developer productivity and experience in the enterprise,2025.0,Proceedings of the …,"['JD Weisz', 'SV Kumar', 'M Muller', 'KE Browne']",https://dl.acm.org/doi/abs/10.1145/3706599.3706670,google_scholar,374,0374.pdf,True,True
3,Cluster 3: Education & Productivity,Scaling laws for economic productivity: Experimental evidence in llm-assisted translation,scaling laws for economic productivity experimental evidence in llm assisted translation,2024.0,arXiv preprint arXiv:2409.02391,['A Merali'],https://arxiv.org/abs/2409.02391,google_scholar,376,0376.pdf,True,True
3,Cluster 3: Education & Productivity,Optimizing the Grant Writing Process: A Framework for Creating a Grant Writing Assistant Using ChatGPT 4,optimizing the grant writing process a framework for creating a grant writing assistant using chatgpt 4,2024.0,Proceedings of the 42nd ACM International …,"['B Kasierski', 'E Fagnano']",https://dl.acm.org/doi/abs/10.1145/3641237.3691693,google_scholar,380,0380.pdf,True,True
3,Cluster 3: Education & Productivity,"Teacher, trainer, counsel, spy: how generative AI can bridge or widen the gaps in worker-centric digital phenotyping of wellbeing",teacher trainer counsel spy how generative ai can bridge or widen the gaps in worker centric digital phenotyping of wellbeing,2024.0,Proceedings of the 3rd Annual Meeting of the …,"['V Das Swain', 'K Saha']",https://dl.acm.org/doi/abs/10.1145/3663384.3663401,google_scholar,383,0383.pdf,True,True
3,Cluster 3: Education & Productivity,How ChatGPT undermines my research productivity,how chatgpt undermines my research productivity,2025.0,AI & SOCIETY,"['HH Pham', 'TBA Nguyen']",https://link.springer.com/article/10.1007/s00146-025-02523-3,google_scholar,386,0386.pdf,True,True
3,Cluster 3: Education & Productivity,LLM-for-X: Application-agnostic Integration of Large Language Models to Support Personal Writing Workflows,llm for x application agnostic integration of large language models to support personal writing workflows,2024.0,arXiv preprint arXiv …,"['L Teufelberger', 'X Liu', 'Z Li', 'M Moebus']",https://arxiv.org/abs/2407.21593,google_scholar,390,0390.pdf,True,False
3,Cluster 3: Education & Productivity,ChatGPT as an artificial intelligence (AI) writing assistant for EFL learners: An exploratory study of its effects on English writing proficiency,chatgpt as an artificial intelligence ai writing assistant for efl learners an exploratory study of its effects on english writing proficiency,2024.0,Proceedings of the 2024 9th International conference …,['Q Xiao'],https://dl.acm.org/doi/abs/10.1145/3664934.3664946,google_scholar,392,0392.pdf,True,True
3,Cluster 3: Education & Productivity,The use of ChatGPT in source-based writing tasks,the use of chatgpt in source based writing tasks,2025.0,International Journal of …,"['C Tarchi', 'A Zappoli', 'L Casado Ledesma']",https://link.springer.com/article/10.1007/s40593-024-00413-1,google_scholar,393,0393.pdf,True,True
